title,content
Air Pollution in Delhi Hits Dangerous Levels,"Delhi's air quality index has crossed the hazardous mark, affecting millions of residents. Authorities have issued health warnings and restricted outdoor activities."
Plastic Waste Found in Deep Ocean Trench,"A team of researchers found microplastics in one of the world's deepest ocean trenches, highlighting the extent of human impact on marine ecosystems."
Government Launches New Climate Action Plan,"The government announced an ambitious plan to reduce carbon emissions by 40% over the next decade through renewable energy, afforestation, and strict regulations."
Wildfires Rage Across Australian Forests,"Massive wildfires have engulfed large parts of Australia, destroying habitats and displacing wildlife. Experts link these to extreme heat and dry conditions."
New Species Discovered in Amazon Rainforest,"Scientists exploring the Amazon have discovered several new species of plants and insects, emphasizing the importance of preserving biodiversity hotspots."
Renewable Energy Investment Rises in 2025,"Global investment in renewable energy has surged in 2025, driven by advancements in solar and wind technologies and a shift away from fossil fuels."
Melting Glaciers Threaten Coastal Cities,"Recent studies show that glaciers are melting at an accelerated rate due to global warming, posing a threat to coastal populations around the world."
UN Conference Discusses Global Warming Solutions,"The United Nations held a conference to discuss collaborative solutions to global warming, with countries pledging new climate targets and funds."
Coral Reefs Dying Due to Ocean Acidification,"Marine biologists report that rising ocean acidity is killing coral reefs at an alarming rate, affecting marine life and coastal economies."
Electric Vehicles Key to Reducing Emissions,"Experts believe electric vehicles are essential in reducing carbon emissions, with governments offering incentives to boost adoption rates."
